year.draft,player,weight.lbs
2015,Brandon Scherff,320
2015,Ereck Flowers,324
2015,Andrus Peat,312
2015,Cameron Erving,308
2015,Cedric Ogbuehi,300
2015,D.J. Humphries,290
2015,Laken Tomlinson,323
2015,Donovan Smith,341
2015,Mitch Morse,305
2015,Jake Fisher,299
2015,Rob Havenstein,332
2015,Ty Sambrailo,309
2015,Ali Marpet,307
2015,Jeremiah Poutasi,322
2015,A.J. Cann,311
2015,Hroniss Grasu,297
2015,Jamon Brown,330
2015,John Miller,315
2015,Chaz Green,300
2015,Daryl Williams,334
2015,T.J. Clemmings,307
2015,Tre' Jackson,323
2015,Arie Kouandjio,318
2015,Jamil Douglas,307
2015,Andrew Donnal,305
2015,Jon Feliciano,335
2015,Terry Poole,307
2015,Shaq Mason,300
2015,Max Garcia,305
2015,Mark Glowinski,310
2015,Jarvis Harrison,344
2015,Robert Myers,326
2015,Tayo Fabuluje,353
2015,Tyrus Thompson,336
2015,Ian Silberman,294
2015,Andy Gallik,299
2015,Cody Wichmann,315
2015,Anthony Morris,290
2015,Austin Reiter,296
2015,Jake Rodgers,320
2015,Bobby Hart,336
2015,Austin Shepherd,324
2015,Corey Robinson,344
2015,Laurence Gibson,300
2015,Trenton Brown,376
2015,Denzell Goode,320
2014,Greg Robinson,332
2014,Jake Matthews,308
2014,Taylor Lewan,309
2014,Zack Martin,308
2014,Ja'Wuan James,311
2014,Xavier Su'a-Filo,307
2014,Joel Bitonio,302
2014,Weston Richburg,298
2014,Cyrus Kouandjio,322
2014,Jack Mewhort,309
2014,Justin Britt,325
2014,Morgan Moses,314
2014,Marcus Martin,320
2014,Travis Swanson,312
2014,Spencer Long,320
2014,Gabe Jackson,336
2014,Chris Watt,310
2014,Trai Turner,310
2014,Brandon Linder,311
2014,Michael Schofield,301
2014,Brandon Thomas,317
2014,Bryan Stork,315
2014,Russell Bodine,310
2014,Dakota Dozier,313
2014,Cameron Fleming,323
2014,Kadeem Edwards,313
2014,David Yankey,315
2014,Kevin Pamphile,310
2014,Cyril Richardson,329
2014,Corey Linsley,296
2014,Wesley Johnson,297
2014,John Urschel,313
2014,Jon Halapio,323
2014,Zach Fulton,316
2014,Garrett Scott,307
2014,Laurent Duvernay-Tardif,321
2014,Tavon Rooks,280
2014,Luke Bowanko,293
2014,Matt Paradis,306
2014,Mitchell Van Dyk,299
2014,Ulrick John,288
2014,Seantrel Henderson,331
2014,Charles Leno,303
2014,Demetrius Rhaney,301
2013,Eric Fisher,306
2013,Luke Joeckel,306
2013,Lane Johnson,303
2013,Jonathan Cooper,311
2013,Chance Warmack,317
2013,D.J. Fluker,339
2013,Justin Pugh,307
2013,Kyle Long,313
2013,Travis Frederick,312
2013,Menelik Watson,310
2013,Larry Warford,332
2013,Brian Winters,320
2013,Terron Armstead,306
2013,Dallas Thomas,306
2013,Hugh Thornton,320
2013,Brian Schwenke,314
2013,David Bakhtiari,299
2013,Barrett Jones,306
2013,Earl Watford,300
2013,Khaled Holmes,302
2013,J.C. Tretter,307
2013,Oday Aboushi,308
2013,Tanner Hawkinson,298
2013,Jordan Mills,316
2013,Ricky Wagner,308
2013,Vinston Painter,306
2013,David Quessenberry,302
2013,William Campbell,311
2013,Jeff Baca,302
2013,Eric Herman,320
2013,Garrett Gilkey,318
2013,Reid Fragel,308
2013,T.J. Johnson,310
2012,Matt Kalil,306
2012,Riley Reiff,313
2012,David DeCastro,316
2012,Kevin Zeitler,315
2012,Mitchell Schwartz,317
2012,Amini Silatolu,312
2012,Cordy Glenn,345
2012,Jonathan Martin,300
2012,Jeff Allen,306
2012,Peter Konz,315
2012,Mike Adams,323
2012,Kelechi Osemele,333
2012,Josh LeRibeus,316
2012,Donald Stephenson,312
2012,Brandon Brooks,343
2012,Lamar Holmes,320
2012,Tony Bergstrom,315
2012,Gino Gradkowski,300
2012,Ben Jones,304
2012,Philip Blake,311
2012,Bobby Massie,316
2012,Joe Looney,309
2012,Brandon Mosley,314
2012,Adam Gettis,293
2012,Zebrie Sanders,320
2012,Johnnie Troutman,325
2012,Rokevious Watkins,338
2012,Senio Kelemete,307
2012,Dennis Kelly,304
2012,Ryan Miller,321
2012,Mark Asper,319
2012,Andrew Tiller,324
2012,Tom Compton,314
2012,Nick Mondek,304
2012,Jason Slowey,303
2012,Brandon Washington,320
2012,Matt McCants,308
2012,Robert Griffin,220
2012,Robert Griffin,330
2012,Justin Anderson,335
2012,Nate Potter,303
2012,David Molk,298
2012,Marcel Jones,320
2012,Andrew Datko,315
2012,Kelvin Beachum,303
2011,Tyron Smith,290
2011,Mike Pouncey,311
2011,Nate Solder,314
2011,Anthony Castonzo,305
2011,Danny Watkins,312
2011,James Carpenter,313
2011,Gabe Carimi,315
2011,Derek Sherrod,312
2011,Orlando Franklin,315
2011,Stefen Wisniewski,295
2011,Ben Ijalana,319
2011,Rodney Hudson,291
2011,Marcus Gilbert,329
2011,John Moffitt,314
2011,Will Rackley,306
2011,Jah Reid,327
2011,Joe Barksdale,313
2011,Clint Boling,310
2011,David Arkin,300
2011,James Brewer,323
2011,Chris Hairston,323
2011,Marcus Cannon,363
2011,Jason Pinkston,313
2011,Julian Vandervelde,301
2011,Daniel Kilgore,308
2011,Demarcus Love,315
2011,Brandon Fusco,302
2011,Byron Stingily,313
2011,Caleb Schlauderaff,305
2011,Jason Kelce,282
2011,Keith Williams,312
2011,Stephen Schilling,308
2011,Zachary Williams,309
2011,Johnny Culbreath,280
2011,Andrew Jackson,299
2011,Derek Newton,311
2011,Maurice Hurt,319
2011,Michael Person,299
2011,Lee Ziemba,317
2011,Bill Nagy,302
2010,Trent Williams,315
2010,Russell Okung,307
2010,Anthony Davis,323
2010,Mike Iupati,329
2010,Maurkice Pouncey,304
2010,Bryan Bulaga,315
2010,Rodger Saffold,312
2010,Zane Beadles,310
2010,Vlad Ducasse,326
2010,Charles Brown,284
2010,Jon Asamoah,304
2010,Jared Veldheer,322
2010,John Jerry,349
2010,J.D. Walton,299
2010,Shawn Lauvao,301
2010,Mike Johnson,301
2010,Bruce Campbell,310
2010,Joe Hawley,297
2010,Jason Fox,299
2010,Jacques McClendon,324
2010,Ed Wang,315
2010,Mitch Petrus,311
2010,Chris Scott,328
2010,Otis Hudson,320
2010,Matt Tennant,274
2010,Chris DeGeare,335
2010,Marshall Newhouse,326
2010,Sam Young,302
2010,Eric Olsen,301
2010,Shelley Smith,303
2010,Ramon Harewood,334
2010,Ted Larsen,307
2010,Thomas Welch,306
2010,J'Marcus Webb,335
2010,Reggie Stephens,320
2010,Selvish Capers,304
2009,Jason Smith,305
2009,Andre Smith,340
2009,Eugene Monroe,310
2009,Alex Mack,312
2009,Michael Oher,309
2009,Eric Wood,304
2009,Eben Britton,310
2009,Max Unger,299
2009,Andy Levitre,306
2009,Phil Loadholt,343
2009,Sebastian Vollmer,315
2009,Will Beatty,291
2009,Robert Brewster,310
2009,Antoine Caldwell,307
2009,Louis Vasquez,330
2009,Kraig Urbik,323
2009,Jonathan Luigs,303
2009,T.J. Lang,305
2009,Rich Ohrnberger,291
2009,Seth Olsen,300
2009,Tyronne Green,305
2009,Troy Kropog,316
2009,Colin Brown,325
2009,Xavier Fulton,302
2009,Garrett Reynolds,310
2009,Fenuki Tupou,314
2009,Jamon Meredith,289
2009,Duke Robinson,329
2009,Herman Johnson,364
2009,George Bussey,306
2009,Andrew Gardner,304
2009,Matt Slauson,320
2009,Jake Ingram,232
2009,Paul Fanaika,333
2009,Blake Schlueter,290
2009,A.Q. Shipley,290
2009,Lydon Murtha,310
2009,Jaimie Thomas,330
2009,Ryan Durand,303
2009,Lance Louis,303
2009,Trevor Canfield,307
2008,Jake Long,315
2008,Ryan Clady,316
2008,Chris Williams,320
2008,Branden Albert,315
2008,Gosder Cherilus,315
2008,Jeff Otah,340
2008,Sam Baker,308
2008,Duane Brown,318
2008,Chilo Rachal,315
2008,Mike Pollak,299
2008,John Greco,320
2008,Jeremy Zuttah,303
2008,Chad Rinehart,320
2008,Oniel Cousins,315
2008,Cody Wallace,290
2008,Kory Lichtensteiger,296
2008,Mike McGlynn,309
2008,Shawn Murphy,319
2008,Anthony Collins,308
2008,Tony Hills,305
2008,David Hale,300
2008,Josh Sitton,320
2008,Breno Giacomini,304
2008,Roy Schuening,308
2008,Carl Nicks,343
2008,Barry Richardson,330
2008,Mike Gibson,302
2008,John Sullivan,300
2008,Donald Thomas,295
2008,Steve Justice,289
2008,Nate Garner,319
2008,Demetress Bell,301
2008,Chester Adams,325
2008,Brandon Keith,343
2008,King Dunlap,310
2008,Corey Clark,305
2008,Jamey Richard,297
2008,Geoff Schwartz,332
2008,Kirk Barton,303
2008,Mackenzy Bernadeau,292
2007,Joe Thomas,311
2007,Levi Brown,323
2007,Joe Staley,306
2007,Ben Grubbs,311
2007,Arron Sears,319
2007,Justin Blalock,320
2007,Tony Ugoh,301
2007,Ryan Kalil,299
2007,Samson Satele,300
2007,James Marten,315
2007,Ryan Harris,299
2007,Marshal Yanda,307
2007,Andy Alleman,310
2007,Leroy Harris,298
2007,Manuel Ramirez,326
2007,Allen Barbre,303
2007,Doug Free,324
2007,Mansfield Wrotto,316
2007,Jermon Bushrod,315
2007,Josh Beekman,313
2007,Dustin Fry,315
2007,Uche Nwaneri,303
2007,Brandon Frye,302
2007,Clint Oldenburg,299
2007,Jacob Bender,316
2007,Kasey Studdard,299
2007,Adam Koets,298
2007,Herbert Taylor,282
2007,Corey Hilliard,315
2007,Michael Otto,308
2007,Dan Santucci,299
2007,Steve Vallos,297
2006,D'Brickashaw Ferguson,295
2006,Davin Joseph,305
2006,Nick Mangold,295
2006,Winston Justice,300
2006,Deuce Lutui,340
2006,Daryn Colledge,300
2006,Marcus McNeill,335
2006,Ryan Cook,325
2006,Andrew Whitworth,325
2006,Chris Chester,300
2006,Jeremy Trueblood,315
2006,Charles Spencer,340
2006,Eric Winston,305
2006,Paul McQuistan,305
2006,Jason Spitz,310
2006,Rashad Butler,286
2006,Max Jean-Gilles,355
2006,Jahri Evans,316
2006,Isaac Sowells,325
2006,Rob Sims,320
2006,Willie Colon,320
2006,Ryan O'Callaghan,345
2006,Quinn Ojinnaka,309
2006,Jonathan Scott,310
2006,Brad Butler,310
2006,Chris Kuper,320
2006,Michael Toudouze,302
2006,Tony Moll,285
2006,Kevin Boothe,300
2006,Tre Stallings,315
2006,Jeromey Clary,304
2006,Charlie Johnson,302
2006,Zach Strief,349
2006,Pat McQuistan,315
2006,Chris Morris,299
2006,Terrance Pennington,325
2006,Will Montgomery,300
2006,Mark Setterstrom,315
2006,Tony Palmer,344
2006,Aaron Merz,346
2005,Jammal Brown,313
2005,Alex Barron,320
2005,Chris Spencer,309
2005,Logan Mankins,307
2005,David Baas,319
2005,Michael Roos,320
2005,Marcus Johnson,321
2005,Khalif Barnes,305
2005,Adam Terry,330
2005,Evan Mathis,304
2005,Richie Incognito,305
2005,Trai Essex,324
2005,Adam Snyder,316
2005,Nick Kaczur,319
2005,Ray Willis,327
2005,Dan Buenning,320
2005,Elton Brown,329
2005,David Stewart,318
2005,Eric Ghiaciuc,302
2005,Duke Preston,311
2005,Jason Brown,313
2005,Todd Herremans,321
2005,Dylan Gandy,300
2005,Claude Terrell,343
2005,Junius Coston,317
2005,Daniel Loper,320
2005,Drew Hodgdon,309
2005,Anthony Alabi,315
2005,Frank Omiyale,310
2005,Wesley Britt,314
2005,Geoff Hangartner,301
2005,Scott Young,312
2005,Wes Sims,317
2005,Will Svitek,301
2005,Justin Geisinger,322
2005,Chris Myers,300
2005,Chris Kemoeatu,344
2005,Joe Berger,303
2005,Rob Petitti,347
2005,Scott Mruczkowski,321
2005,Will Whitticker,338
2005,Doug Nienhuis,307
2004,Robert Gallery,325
2004,Shawn Andrews,340
2004,Vernon Carey,335
2004,Chris Snee,314
2004,Jake Grove,300
2004,Justin Smiley,300
2004,Jacob Rogers,305
2004,Nick Hardwick,295
2004,Max Starks,337
2004,Stephen Peterman,318
2004,Sean Locklear,301
2004,Travelle Wharton,312
2004,Alex Stepanovich,300
2004,Nat Dorsey,324
2004,Stacy Andrews,342
2004,Trey Darilek,310
2004,Adrian Jones,296
2004,Jacob Bell,300
2004,Jake Scott,283
2004,Jeb Terry,311
2004,Nick Leckey,298
2004,Kelly Butler,290
2004,Rex Hadnot,323
2004,Kirk Chambers,307
2004,Jim Molinaro,310
2004,Dylan McFarland,290
2004,Shane Olivea,312
2004,Adrien Clarke,330
2004,Kevin Sampson,308
2004,Larry Turner,290
2004,Eugene Amano,315
2004,Brian Rimpf,318
2004,Scott Wells,300
2003,Jordan Gross,300
2003,George Foster,338
2003,Jeff Faine,303
2003,Kwame Harris,310
2003,Eric Steinbach,297
2003,Jon Stinchcomb,302
2003,Al Johnson,305
2003,Bruce Nelson,301
2003,Vince Manuwai,312
2003,Wayne Hunter,303
2003,Seth Wand,327
2003,Wade Smith,300
2003,Courtney Van Buren,350
2003,Derrick Dockery,345
2003,Taylor Whitley,315
2003,Montrae Holland,322
2003,Brett Williams,321
2003,Steve Sciullo,330
2003,Austin King,303
2003,Ryan Pontbriand,255
2003,Ben Sobieski,315
2003,Jordan Black,314
2003,Ben Claxton,301
2003,David Diehl,315
2003,Dan Koppen,296
2003,Sean Mahan,301
2003,Tony Pashos,337
2003,Reggie Wells,320
2003,Scott Tercero,303
2003,Jeremy Bridges,301
2003,Makoa Freitas,307
2003,Scott Kooistra,320
2003,Todd Williams,330
2003,Dave Yovanovits,294
2003,Wayne Lucier,300
2003,Bryan Anderson,320
2002,Mike Williams,370
2002,Bryant McKinnie,335
2002,Levi Jones,310
2002,Marc Colombo,320
2002,Kendall Simmons,313
2002,Andre Gurode,314
2002,Toniu Fonoti,349
2002,Mike Pearson,297
2002,LeCharles Bentley,313
2002,Chester Pitts,323
2002,Langston Walker,345
2002,Fred Weary,308
2002,Melvin Fowler,310
2002,Jeff Hatch,305
2002,Seth McKinney,305
2002,Terrence Metcalf,325
2002,Martin Bibla,306
2002,Scott Peters,300
2002,Jonathan Goodwin,318
2002,Matt Hill,304
2002,Tyson Walter,303
2002,Justin Hartwig,305
2002,Mike Houghton,315
2002,Mike Pucillo,311
2002,Chad Beasley,300
2002,Joaquin Gonzalez,310
2002,Jeff Grau,257
2002,Eric Heitmann,305
2002,Kevin Shaffer,290
2002,Kyle Kosier,305
2002,Victor Rogers,331
2001,Leonard Davis,375
2001,Kenyatta Walker,302
2001,Steve Hutchinson,313
2001,Jeff Backus,305
2001,Maurice Williams,310
2001,Matt Light,305
2001,Dominic Raiola,295
2001,Mike Gandy,310
2001,Kareem McKenzie,327
2001,Casey Rabach,301
2001,Jonas Jennings,325
2001,Kenyatta Jones,307
2001,Roberto Garza,296
2001,Bill Ferrario,315
2001,Mathias Nkwenti,300
2001,Ben Hamilton,283
2001,Ryan Diem,331
2001,Floyd Womack,333
2001,Victor Leyva,315
2001,Matt Lehr,300
2001,Bernard Robertson,310
2001,Marques Sullivan,325
2001,Chukky Okobi,310
2001,Russ Hochstein,305
2001,Brandon Winey,315
2001,Alex Sulfsted,320
2001,Joe Maese,241
2001,Adam Haayer,311
2001,Brandon Gorin,308
2001,Paul Zukauskas,320
2001,Louis Williams,291
2001,Tupe Peko,305
2001,Kynan Forney,307
2001,Rick DeMulling,304
2001,Dennis Norman,312
2001,Char-ron Dorsey,367
2000,Chris Samuels,310
2000,Stockar McDougle,335
2000,Chris McIntosh,315
2000,Travis Claridge,300
2000,Marvel Smith,321
2000,Chad Clifton,330
2000,Adrian Klemm,310
2000,Cosey Coleman,322
2000,Todd Wade,315
2000,Brad Meester,300
2000,Bobbie Williams,340
2000,Leander Jordan,322
2000,Damion McIntosh,325
2000,John St. Clair,320
2000,Michael Thompson,295
2000,Cooper Carlisle,295
2000,Greg Randall,322
2000,Michael Moore,318
2000,Tutan Reyes,310
2000,Jeno James,310
2000,Darnell Alford,328
2000,Brad Bedell,306
2000,Jason Thomas,300
2000,Mark Tauscher,320
2000,Kevin Houser,250
2000,Wes Shivers,298
2000,Lewis Kelly,306
1999,John Tait,315
1999,Damien Woody,320
1999,Matt Stinchcomb,315
1999,Luke Petitgout,310
1999,L.J. Shelton,335
1999,Aaron Gibson,375
1999,Chris Terry,295
1999,Jon Jansen,305
1999,Solomon Page,325
1999,Randy Thomas,306
1999,Lennie Friedman,283
1999,Doug Brzezinski,305
1999,Rex Tucker,315
1999,Grey Ruegamer,310
1999,Kris Farris,318
1999,Zach Piller,321
1999,David Loverne,303
1999,John Welbourn,310
1999,Edwin Mulitalo,345
1999,Floyd Wedderburn,325
1999,Reggie Nelson,321
1999,Jerry Wisne,308
1999,Cameron Spikes,325
1999,Mike Rosenthal,318
1999,Derrick Fletcher,348
1999,Tyrone Hopson,305
1999,Craig Heimburger,314
1999,Yusuf Scott,348
1999,J.P. Machado,300
1999,Scott Curry,300
1999,Ryan Young,320
1999,Todd McClure,286
1999,Kelvin Garmon,350
1999,Joe Wong,315
1998,Kyle Turley,309
1998,Tra Thomas,349
1998,Mo Collins,325
1998,Alan Faneca,312
1998,Victor Riley,328
1998,Anthony Clement,333
1998,Flozell Adams,335
1998,Todd Weiner,297
1998,Bob Hallen,305
1998,Jeremy Newberry,310
1998,Olin Kreutz,292
1998,Chris Conrad,301
1998,Robert Hicks,338
1998,Mike Goff,306
1998,Chris Ruhman,321
1998,Steve McKinney,300
1998,Todd Washington,310
1998,Gennaro DiNapoli,287
1998,Jason Fabini,304
1998,Oliver Ross,317
1998,Benji Olson,320
1998,Mark Fischer,293
1998,Scott Shaw,303
1998,Toby Myles,320
1998,John Wade,299
1998,Phil Ostrowski,291
1998,Sammy Williams,318
1998,Matt Birk,300
1998,Patrick Mannelly,265
1998,Jason McEndoo,307
1998,Ephraim Salaam,295
1998,Trey Teague,300
1998,Chris Liwienski,325
1998,Jim Bundren,303
1998,Jason Andersen,319
1998,Ben Fricke,295
1998,Chad Overhauser,314
1998,Kevin Long,296
1997,Orlando Pace,325
1997,Walter Jones,315
1997,Chris Naeole,317
1997,Tarik Glenn,332
1997,Ross Verba,308
1997,Juan Roque,333
1997,Jerry Wunsch,339
1997,Adam Meadows,290
1997,Frank Middleton,330
1997,Dan Neil,285
1997,Bob Sapp,319
1997,Adam Treu,300
1997,Rod Payne,305
1997,Scott Sanderson,295
1997,Paul Wiggins,305
1997,Steve Scifres,300
1997,Brent Smith,305
1997,Damon Denson,305
1997,Chris Dishman,339
1997,Raleigh Roundtree,295
1997,Ryan Tucker,325
1997,Jamie Nails,335
1997,Jerome Daniels,350
1997,Ed Ellis,325
1997,Lamont Burns,300
1997,Jeff Mitchell,300
1997,Brad Badger,320
1997,Tony Ramirez,296
1997,Calvin Collins,307
1997,Marcus Spriggs,310
1997,Nathan Parks,303
1997,Scott Rehberg,325
1996,Jonathan Ogden,340
1996,Willie Anderson,340
1996,Pete Kendall,279
1996,Jeff Hartings,301
1996,Jermane Mayberry,325
1996,John Michels,300
1996,Jamain Stephens,336
1996,Andre Johnson,314
1996,Jason Layman,310
1996,Michael Cheever,293
1996,Roman Oben,305
1996,Clay Shiver,283
1996,Ken Blackman,320
1996,Mike Flanagan,297
1996,Jason Odom,307
1996,Heath Irwin,300
1996,Norbert Davidds-Garrido,315
1996,Jon Runyan,330
1996,Aaron Graham,301
1996,James Dexter,319
1996,Fred Miller,320
1996,Tom Ackerman,290
1996,Jimmy Herndon,318
1996,Chris Villarrial,318
1996,Keno Hills,305
1996,Jon Clark,345
1996,Jim Mills,290
1996,Bryan Stoltenberg,300
1996,Dusty Zeigler,298
1996,Marco Rivera,310
1996,Ben Lynch,295
1996,Rod Jones,325
1996,Chris Banks,300
1996,Ethan Brooks,330
1996,Jeff Buckey,305
1996,Jeff Smith,322
1996,J.R. Conrad,300
1995,Tony Boselli,324
1995,Ruben Brown,300
1995,Korey Stringer,350
1995,Billy Milner,304
1995,Blake Brockermeyer,295
1995,Trezelle Jenkins,317
1995,Matt O'Dwyer,305
1995,Cory Raymer,300
1995,Zach Wiegert,309
1995,Brian DeMarco,323
1995,Barret Robbins,320
1995,Andrew Greene,304
1995,Scott Gragg,315
1995,Barrett Brooks,325
1995,Jesse James,311
1995,Melvin Tuten,320
1995,Mike Verstegen,311
1995,Evan Pilgrim,304
1995,Brendan Stai,312
1995,Melvin Hayes,328
1995,Dave Wohlabaugh,296
1995,Jamie Brown,320
1995,Tim Hanshaw,300
1995,Rob Zatechka,313
1995,Frank Garcia,302
1995,Derek West,309
1995,Lance Scott,300
1995,Andrew Peterson,308
1995,Marcus Price,310
1995,Hicham El-Mashtoub,288
1995,Brian Thure,300
1995,Troy Sienkiewicz,313
1995,Tony Berti,300
1995,Steve Ingram,324
1995,Tom Nutten,280
1995,Hessley Hempstead,295
1995,Adam Timmerman,310
1994,Bernard Williams,317
1994,Wayne Gandy,308
1994,Aaron Taylor,305
1994,Todd Steussie,320
1994,Tre' Johnson,328
1994,Eric Mahlum,284
1994,Kevin Mawae,289
1994,Marcus Spears,320
1994,Isaac Davis,320
1994,Larry Allen,325
1994,Vaughn Parker,300
1994,Tim Ruddy,295
1994,Jason Mathews,285
1994,Rich Braham,305
1994,Joe Panos,300
1994,Joe Patton,306
1994,Corey Louchiey,305
1994,George Hegamin,331
1994,Trent Pollard,304
1994,Pete Pierson,314
1994,Anthony Redmon,308
1994,Craig Novitsky,295
1994,Gary Brown,307
1994,Tony Semple,286
1994,Jim Reid,306
1994,Max Lane,315
1994,Jerry Reynolds,320
1994,Jim Pyne,290
1994,Tom Nalen,286
1993,Willie Roaf,320
1993,Lincoln Kennedy,335
1993,Brad Hopkins,305
1993,Steve Everitt,300
1993,Ernest Dye,330
1993,Lester Holmes,315
1993,Ben Coleman,330
1993,Todd Rucci,296
1993,John Gerak,290
1993,Joe Cocozzo,300
1993,Mike Compton,310
1993,Will Shields,315
1993,Earl Dotson,315
1993,Greg Bishop,305
1993,Ron Stone,325
1993,Todd Perry,310
1993,Herman Arvie,312
1993,Chuck Belin,305
1993,Greg Huntington,297
1993,Lindsay Knapp,300
1993,Chris Gray,308
1993,Everett Lindsay,305
1993,Lonnie Palelei,310
1993,Mike Devlin,305
1993,Tom Scott,330
1993,Scott Davis,292
1993,Paul Hutchins,335
1993,Chuck Bradley,296
1993,Chris Dalman,287
1993,Corbin Lacina,302
1993,Brad Fichtel,285
1993,Jeff Blackshear,323
1993,Doug Skene,295
1992,Bob Whitfield,310
1992,Ray Roberts,315
1992,Leon Searcy,313
1992,Eugene Chung,301
1992,John Fina,300
1992,Greg Skrepenak,316
1992,Troy Auzenne,293
1992,Ed Cunningham,290
1992,Siupeli Malamala,310
1992,Brian Bollinger,285
1992,James Brown,330
1992,Shawn Harper,290
1992,Jeff Christy,284
1992,Gene McGuire,300
1992,Mike Mooney,320
1992,Tom Myslinski,283
1992,Chuck Johnson,275
1992,Curtis Whitley,295
1992,Rod Milstead,290
1992,Cal Dixon,302
1992,Eric Jonassen,310
1992,Larry Tharpe,300
1992,Darryl Ashmore,310
1992,Darryl Moore,292
1992,David Dixon,343
1992,Keith Alex,307
1992,Jay Leeuwenburg,294
1992,Bernard Dafney,324
1992,Jerry Ostroski,320
1992,Steve Gordon,288
1992,Bob Meeks,279
1992,Rob Baxley,287
1992,Kendall Gammon,255
1992,Mike Gisler,295
1992,Louis Age,350
1992,Tim Simpson,284
1992,Matt Elliott,288
1991,Charles McRae,305
1991,Antone Davis,330
1991,Pat Harlow,295
1991,Stan Thomas,295
1991,Ed King,300
1991,John Flannery,303
1991,Eric Moten,306
1991,Joe Valerio,295
1991,Calvin Stephens,285
1991,Erik Williams,324
1991,Bob Dahl,318
1991,Rob Selby,290
1991,Kevin Donnalley,310
1991,Mark Vander Poel,303
1991,Clarence Jones,300
1991,Scott Conover,276
1991,Chris Thome,278
1991,Gene Williams,310
1991,Mike Arthur,280
1991,Tim Ryan,280
1991,Harry Boatswain,310
1991,Nick Subis,278
1991,Mike Sullivan,292
1991,Blake Miller,282
1991,Mark Tucker,290
1991,Tom Dohring,290
1991,Sean Love,304
1991,Ariel Solomon,290
1991,Todd Jones,295
1991,Joe Sims,310
1991,Jerry Crafts,343
1991,Jeff Pahukoa,268
1990,Richmond Webb,325
1990,Bern Brostek,300
1990,Keith Sims,318
1990,Tim Grunhard,311
1990,Leo Goeas,300
1990,Glenn Parker,305
1990,Mohammed Elewonibi,286
1990,Mike Brennan,274
1990,Dean Caliguire,280
1990,William Schultz,305
1990,Rick Cunningham,311
1990,Tony Mayberry,293
1990,Jeff Davidson,309
1990,Jon Melander,280
1990,Ian Beckles,300
1990,Reggie Redding,298
1990,Derrick Graham,310
1990,Frank Cornish,287
1990,Frank Pollack,285
1990,Dwayne White,315
1990,Jeff Novak,297
1990,Dave Szott,289
1990,Joe Staysniak,292
1990,Roger Duffy,300
1990,Bill Hitchcock,296
1990,Roman Fortin,297
1990,Elbert Crawford,280
1990,Brad Leggett,270
1990,Shawn Bouwens,293
1990,Jack Linn,295
1990,Thomas Rayam,297
1990,Justin Strzelczyk,301
1990,John Hudson,270
1990,Joey Banes,282
1990,Chris Port,295
1989,Tony Mandarich,311
1989,Andy Heck,298
1989,Joe Wolf,293
1989,Brian Williams,305
1989,David Williams,294
1989,Tom Ricketts,296
1989,Steve Wisniewski,305
1989,Courtney Hall,281
1989,Ralph Norwood,285
1989,Doug Widell,289
1989,Joe Tofflemire,275
1989,Dave Zawatson,275
1989,Freddie Childress,331
1989,Mark Stepnoski,269
1989,Mike Utley,288
1989,Bob Kratch,288
1989,Jerry Fontenot,300
1989,Mike Zandofsky,300
1989,Darrell Hamilton,298
1989,Kevin Robbins,286
1989,John Hunter,294
1989,Pat Tomberlin,312
1989,Rob Woods,295
1989,Jeff Uhlenhake,285
1989,Kevin Haverdink,285
1989,Jeff Mickel,300
1989,Mike Graybill,275
1989,Carl Bax,290
1989,Warren Wheat,274
1989,Chris Dyko,305
1989,Monte Smith,270
1989,Richard Stephens,310
1989,Mark Schlereth,282
1989,Bert Weidner,295
1989,Carlton Haselrig,295
1989,Scott Jones,281
1988,Paul Gruber,292
1988,Dave Cadigan,285
1988,Eric Moore,293
1988,Randall McDaniel,276
1988,Jumbo Elliott,308
1988,Dermontti Dawson,288
1988,Gerald Perry,290
1988,Tom Rehder,280
1988,Chuck Lanza,263
1988,John Bruhin,280
1988,Dave Widell,303
1988,David Richards,315
1988,Greg Johnson,295
1988,Todd Kalis,296
1988,Eric Andolsek,254
1988,Mike Withycombe,300
1988,Houston Hoover,295
1988,Paul Jetton,295
1988,Caesar Rentie,293
1988,Harry Galbreath,280
1988,David Viaene,300
1988,Glenn Derby,290
1988,Louis Cheek,295
1988,Ralph Tamm,280
1988,Scott Dill,294
1988,Joey Howard,305
1988,Stan Clayton,265
1988,John Jackson,297
1988,Brian Habib,299
1987,John Clay,300
1987,Harris Barton,286
1987,Bruce Armstrong,295
1987,Gregg Rakoczy,290
1987,Jeff Bregel,280
1987,Bruce Wilkerson,295
1987,Chris Gambol,303
1987,Dave Croston,280
1987,Ben Tamburello,278
1987,Jeff Zimmerman,320
1987,Randy Dixon,305
1987,Steve Trapilo,290
1987,Ralph Van Dyke,273
1987,Danny Villa,304
1987,David Alexander,275
1987,Chris Conlin,290
1987,Paul O'Connor,270
1987,Paul Kiser,272
1987,John Adickes,264
1987,Ed Simmons,315
1987,Doug Riesenberg,280
1987,Harry Swayne,290
1987,Archie Harris,270
1987,Kevin Gogan,317
1987,Mark Dennis,300
1987,Dan Morgan,285
1987,Mike Simmonds,285
1987,John Gesek,282
1987,Bob Riley,276
1987,Frank Winters,291
1987,Howard Ballard,325
1987,Joe Goebel,264
1987,Todd Peat,300
1987,John Davis,310
1987,Paul Oswald,273
1987,Jim Warne,315
1987,Ray Hitchcock,289
1986,Jim Dombrowski,300
1986,Brian Jozwiak,304
1986,John Rienstra,273
1986,James FitzPatrick,305
1986,Will Wolford,294
1986,Mike Haight,281
1986,Mike Schad,290
1986,Doug Williams,286
1986,Tom Newberry,285
1986,Gene Chilton,281
1986,Joe Milinichik,290
1986,Jeff Walker,295
1986,Leonard Burton,275
1986,Tom Baugh,274
1986,Steve Wallace,285
1986,Jim Juriga,269
1986,Matt Darwin,268
1986,Paul Blair,295
1986,J.D. Maarleveld,300
1986,Gary Walker,283
1986,Greg Robinson,280
1986,Robert Jenkins,258
1986,Bob Landsee,273
1986,Jim Huddleston,280
1986,Doug Marrone,269
1986,Jim Meyer,290
1986,Bob White,272
1986,Bill Lewis,285
1986,Ray Brown,318
1986,David Douglas,280
1986,Mike Perrino,285
1986,Steve Cisowski,275
1986,Hank Goebel,270
1986,Bob Brotzki,281
1986,Mike Black,285
1986,George Colton,279
1986,Don Sommer,290
1986,Mark Cochran,284
1986,Clay Miller,275
1986,Reggie Singletary,279
1986,Sal Cesario,255
1985,Bill Fralic,280
1985,Lomas Brown,282
1985,Ken Ruettgers,295
1985,Kevin Allen,285
1985,Jim Lachey,294
1985,Trevor Matich,277
1985,Mark Traynowicz,277
1985,Kevin Glover,278
1985,Daren Gilbert,285
1985,Mark Behning,290
1985,Scott Bergold,263
1985,Kirk Lowdermilk,269
1985,Tim Long,295
1985,Rich Moran,276
1985,Lance Smith,283
1985,Brian Johnston,275
1985,Crawford Ker,288
1985,Mike Kelley,273
1985,Bob Olderman,262
1985,Dan Turk,290
1985,Tom Toth,279
1985,Jeff Dellenbach,290
1985,Dale Hellestrae,282
1985,Mark MacDonald,267
1985,Roger Caron,282
1985,Bruce Collie,275
1985,Mark Krerowicz,285
1985,Eric Stokes,255
1985,Ken Reeves,270
1985,Jack Oliver,281
1985,Joe Walter,292
1985,Dave Heffernan,255
1985,Kevin Belcher,310
1985,Nick Haden,270
1985,Ron Mattes,309
1985,Chuck Thomas,277
1985,Rob Monaco,283
1985,Dan Remsberg,275
1985,Larry Williams,292
1985,Duval Love,275
1985,Raleigh McKenzie,290
1985,Dave Burnette,278
1984,Dean Steinkuhler,283
1984,Ron Solt,279
1984,John Alt,298
1984,William Roberts,291
1984,Brian Blados,300
1984,Jim Sweeney,297
1984,Doug Dawson,238
1984,Rusty Russell,295
1984,Stefan Humphries,265
1984,Guy McIntyre,275
1984,Conrad Goode,285
1984,Rickey Bolden,274
1984,Joel Hilgenberg,250
1984,Tom Andrews,265
1984,Terry Long,272
1984,Ron Heller,298
1984,Paul Fairchild,270
1984,Kevin Call,302
1984,Tony Slaton,265
1984,Curt Singer,278
1984,Bruce Reimers,285
1984,Winford Hood,262
1984,David Jones,262
1984,Randy Rasmussen,253
1984,Rick Mallory,265
1984,Scott Auer,255
1984,Bruce Kozerski,287
1984,John Hunt,254
1984,Glen Howe,295
1984,Adam Schreiber,290
1984,Jim Boyle,270
1984,David Jordan,274
1984,Gary Hoffman,285
1984,Mark Cannon,258
1983,Chris Hinton,300
1983,Jimbo Covert,277
1983,Bruce Matthews,305
1983,Dave Rimington,288
1983,Don Mosebar,285
1983,Harvey Salem,283
1983,Mark Cooper,270
1983,Dave Lutz,305
1983,Steve Korte,265
1983,Rich Strenger,280
1983,Randy Grimes,270
1983,Dave Drechsler,264
1983,Karl Nelson,285
1983,Steve Moore,293
1983,Tom Thayer,271
1983,Kelly Thomas,270
1983,Sid Abramowitz,280
1983,Steve Mott,266
1983,Bill Contz,268
1983,Brett Miller,293
1983,Gary Kowalski,280
1983,Ellis Gardner,257
1983,Kevin Belcher,270
1983,Ken Kaplan,270
1983,Ron Sams,261
1983,Grant Feasel,278
1983,Carlos Scott,295
1983,Chris Schultz,277
1983,Mark Kirchner,261
1983,Irv Eatman,293
1983,Matt Hernandez,260
1983,Mark Bortz,282
1983,Jim Mills,276
1983,Rob Fada,265
1983,Adam Lingner,268
1983,Blake Wingle,267
1983,Thomas Hopkins,260
1983,Eric Moran,285
1983,Dan Fike,280
1983,Don Bailey,264
1983,Jesse Sapolu,271
1983,Paul Farren,272
1982,Mike Munchak,281
1982,Luis Sharpe,275
1982,Sean Farrell,260
1982,Ron Hallstrom,300
1982,Roy Foster,282
1982,Bubba Paris,300
1982,Brad Edelman,265
1982,Jim Romano,260
1982,Terry Tausch,275
1982,Reggie McElroy,290
1982,Darryl Haley,269
1982,Tootie Robbins,303
1982,Ed Muransky,277
1982,Terry Crouch,278
1982,Mike Baab,270
1982,Perry Hartnett,278
1982,Wally Kersten,270
1982,Ken Dallafior,276
1982,Rich Umphrey,263
1982,Phil Pozderac,277
1982,Jack Campbell,277
1982,Kurt Becker,271
1982,Joe Shearin,254
1982,Emil Boures,259
1982,Jeff Wiska,265
1982,Chuck Slaughter,260
1982,Jerry Doerger,270
1982,Jim Fritzsche,265
1982,Steve Clark,255
1982,Keith Uecker,278
1982,Rich Baldinger,285
1982,Wayne Jones,270
1982,Curtis Rouse,316
1982,John Macaulay,254
1982,Don Laster,285
1982,Brian Clark,190
1982,Rob Taylor,293
1981,Keith Van Horne,281
1981,Brian Holloway,284
1981,Mark May,295
1981,Curt Marsh,273
1981,Howard Richards,263
1981,Leonard Mitchell,290
1981,Dean Miraldi,266
1981,Bill Dugan,275
1981,Randy Van Divier,274
1981,Russ Grimm,273
1981,Don Greco,260
1981,Rick Donnalley,261
1981,Tim Irwin,300
1981,Roger Taylor,271
1981,Glen Titensor,263
1981,George Lilja,264
1981,Nick Eyre,276
1981,John Scully,262
1981,Louis Oubre,262
1981,Edwin Bailey,271
1981,Todd Thomas,261
1981,Ken Lanier,281
1981,Larry Lee,265
1981,Eric Sanders,277
1981,Nat Hudson,268
1981,Andrew Gissinger,280
1981,Ron Wooten,274
1981,Art Plunkett,269
1981,Billy Ard,265
1981,Tim Huffman,277
1981,Jim Hannula,264
1981,Chuck Commiskey,290
1981,Les Studdard,260
1981,Allan Kennedy,273
1981,Justin Cross,263
1980,Anthony Munoz,278
1980,Brad Budde,262
1980,Stan Brock,295
1980,Jim Ritcher,273
1980,Ray Snell,262
1980,Ray Donaldson,311
1980,Angelo Fields,321
1980,Andre Hines,275
1980,Dwight Stephenson,255
1980,Irv Pankey,277
1980,Tim Foley,275
1980,Tom Turnure,250
1980,John Sinnott,275
1980,Syd Kitson,258
1980,Brent Boyd,268
1980,William Glass,261
1980,Arland Thompson,265
1980,Kurt Petersen,264
1980,Tommie Ginn,253
1980,Paul Tabor,241
1980,Craig Wolfley,265
1980,Chris Dieterich,262
1980,Karl Swanke,257
1980,Chris Foote,256
1980,Keith Bishop,260
1980,Greg Murtha,268
1980,Tunch Ilkin,263
1980,Buddy Aydelette,256
1980,Chuck Loewen,263
1980,Jim Leonard,258
1980,Melvin Jones,260
1980,Randy Clark,260
1980,Kelly Saalfeld,246
1980,Mark Goodspeed,270
1980,Guy Bingham,255
1980,Ron Essink,260
1980,Bob Gruber,275
1980,Dale Markham,280
1980,Tyrone McGriff,270
1979,Keith Dorney,268
1979,Kelvin Clark,260
1979,Jon Giesler,262
1979,Kent Hill,260
1979,Robert Shaw,245
1979,Greg Roberts,260
1979,Dave Huffman,280
1979,Sam Claphan,285
1979,Petey Perot,261
1979,Pat Howell,257
1979,Jeff Toews,255
1979,Barney Cotton,264
1979,Jon Borchardt,260
1979,Joe Bostic,265
1979,Ronnie Lee,265
1979,Mike Wellman,253
1979,Matt Miller,270
1979,Eric Cunningham,257
1979,Jimmy Moore,268
1979,Max Montoya,282
1979,Cody Risien,269
1979,Bruce Kimball,260
1979,Chuck Correal,247
1979,Roy Simmons,264
1979,Gene Sanders,273
1979,Jim Rourke,264
1979,Jeff Weston,259
1979,Dan Fowler,260
1979,Ed McGlasson,248
1979,Ken Bungarda,270
1979,Bruce Davis,287
1978,Chris Ward,267
1978,Gordon King,275
1978,Mike Kenn,273
1978,Blair Bush,268
1978,Bob Cryder,275
1978,J.T. Taylor,265
1978,Buddy Hardaway,309
1978,Brett Moritz,250
1978,Walt Downing,259
1978,Stan Waldemore,263
1978,Ernie Hughes,259
1978,Lindsey Mason,265
1978,Bill Fifer,250
1978,George Collins,257
1978,Jim Hough,267
1978,Dwight Wheeler,269
1978,Eric Laakso,285
1978,Homer Elias,255
1978,Larry Tearry,260
1978,Frank Myers,255
1978,Louis Bullard,265
1978,Amos Fowler,250
1978,John Choma,261
1978,Leotis Harris,267
1978,Tony Ardizzone,240
1978,Fred Quillan,261
1978,Karl Baldischwiler,265
1978,Tom Randall,245
1978,Terry Falcon,260
1978,Franky Smith,279
1978,Larry Brown,260
1978,Dave Studdard,260
1978,Will Grant,254
1978,Mark Dennard,253
1978,Mark Donahue,256
1978,Willie Brock,250
1978,Mark Slater,257
1978,Leo Biedermann,254
1978,John Schuhmacher,271
1978,Gus Coppens,270
1977,Marvin Powell,268
1977,Warren Bryant,273
1977,Morris Towns,270
1977,Steve August,255
1977,Ted Albrecht,253
1977,Steve Schindler,256
1977,Bob Rush,265
1977,Tom Lynch,256
1977,R.C. Thielemann,255
1977,George Reihner,263
1977,Greg Koch,270
1977,Dennis Swilley,253
1977,Charley Hannah,260
1977,Ed Fulton,250
1977,John Yarno,251
1977,Ted Petersen,244
1977,Darius Helton,260
1977,Bill Bryan,251
1977,Mike Wilson,275
1977,Dan Audick,252
1977,Gerald Skinner,260
1977,Mickey Marvin,270
1977,Dave Lafary,280
1977,Steve Courson,274
1977,Donnie Hickman,261
1977,Jeff Williams,256
1977,Dave Hubbard,270
1977,Andy Frederick,257
1977,Jim Harlan,250
1977,Jim Cooper,262
1977,David Carter,250
1977,Derrel Gofourth,260
1977,Bob Lingenfelter,277
1977,Blanchard Carter,250
1977,Dan Alexander,260
1977,Brad Benson,262
1977,Gary Anderson,253
1977,Ron Baker,260
1977,Rocco Moore,276
1977,Connie Zelencik,245
1977,Leo Tierney,248
1976,Dennis Lick,266
1976,Pete Brock,267
1976,Rod Walters,258
1976,Tom Glassic,254
1976,Mark Koncar,271
1976,Don Macek,261
1976,Ray Pinney,251
1976,Glenn Bujnoch,260
1976,Randy Cross,259
1976,Ken Long,265
1976,Ken Jones,260
1976,Joe Devlin,261
1976,Jim Eidson,264
1976,Steve Young,272
1976,Russ Bolinger,255
1976,Ron Coder,250
1976,Dave Scott,276
1976,Bob Simmons,260
1976,Brad Oates,274
1976,Wes Hamilton,261
1976,Jackie Slater,277
1976,Melvin Mitchell,260
1976,Ron Singleton,260
1976,Greg Fairchild,258
1976,Tom Rafferty,256
1976,Randy Johnson,255
1976,Everett Little,265
1976,Henry Sheppard,255
1976,Wally Pesuit,252
1976,Steve Wilson,265
1976,Terry Stieve,256
1976,Dan Jiggetts,274
1976,Orrin Olsen,245
1976,John Ayers,258
1976,Ron Hunt,261
1976,Phil McKinnely,248
1976,Melvin Jackson,267
1976,Randy Young,250
1976,Johnny Miller,247
1975,Ken Huff,260
1975,Dennis Harrah,260
1975,Kurt Schumacher,252
1975,Lynn Boden,270
1975,Doug France,270
1975,Darryl Carlton,271
1975,Al Simpson,255
1975,Lee Gross,237
1975,Al Krevis,263
1975,Burton Lawless,253
1975,Bill Bain,279
1975,Geoff Reece,247
1975,Dan Nugent,250
1975,Jeff Hart,266
1975,Pat Donovan,253
1975,Craig Hertwig,270
1975,Stan Rogers,256
1975,Revie Sorey,260
1975,Kyle Davis,240
1975,Harvey Goodman,260
1975,Rick Nuzum,238
1975,Billy Shields,272
1975,Tom Alward,255
1975,Brent Adams,256
1975,Jeff Bleamer,253
1975,Ralph Perretta,252
1975,Greg Dubinetz,260
1975,Steve Sylvester,260
1975,John Roman,255
1975,Herbert Scott,254
1975,Joe Fields,250
1975,Art Kuehn,257
1975,Steve Knutson,254
1975,Bob McCaffrey,245
1974,John Hicks,258
1974,Henry Lawrence,272
1974,Steve Riley,258
1974,Tom Mullen,248
1974,Steve Corbett,250
1974,Gordie Browne,265
1974,Greg Kindle,265
1974,Keith Fahnhorst,273
1974,Charlie Getty,265
1974,Mark Markovich,256
1974,Greg Horton,245
1974,Dave Lapham,259
1974,Robert Pratt,255
1974,Claudie Minor,280
1974,Scott Anderson,242
1974,Matt Herkenhoff,267
1974,Daryl White,250
1974,Mike Webster,255
1974,Jim Pietrzak,260
1974,Rich Druschel,248
1974,Booker Brown,257
1974,Noah Jackson,267
1974,Gerry Sullivan,250
1974,Tom Forrest,255
1974,Tom Wickert,246
1974,Phil LaPorta,256
1974,Bob Van Duyne,243
1974,Tom Condon,255
1974,Paul Ryczek,230
1974,Jeff Sevy,260
1974,Dave Simonson,246
1974,Brian Vertefeuille,252
1974,Fred Rothwell,240
1974,Darrell Austin,250
1974,Gene Killian,250
1973,Jerry Sisemore,265
1973,John Hannah,265
1973,Pete Adams,260
1973,Joe DeLamielleure,254
1973,Guy Morriss,255
1973,Jeff Winans,265
1973,Robert Woods,255
1973,Paul Howard,260
1973,Fred Sturt,255
1973,Tim Stokes,252
1973,Roger Bernhardt,244
1973,Leon Gray,256
1973,Allen Gallaher,250
1973,Gery Palmer,255
1973,Dave Reavis,257
1973,Doug Dumler,243
1973,Tom Brahaney,245
1973,Dave Taylor,260
1973,Bruce Walton,251
1973,Ron Mikolajczyk,275
1973,Nick Bebout,261
1973,Travis Roach,260
1973,Rick Harrell,238
1973,Ed Newman,245
1973,Shelby Jordan,260
1973,Mike Askea,260
1973,Bill DuLac,250
1973,Jim Nicholson,269
1973,Bill Story,245
1973,Tommy Humphrey,260
1973,Jay Douglas,250
1973,Dan Neal,250
1973,Ronnie Carroll,265
1973,Garry Puetz,263
1973,Jim Arneson,247
1973,Larry McCarren,246
1973,Ron Lou,240
1973,Paul Fersen,260
1973,Dan Peiffer,252
1973,Carl Schaukowitch,235
1973,Barry Darrow,260
1972,Lionel Antoine,262
1972,Greg Sampson,265
1972,Royce Smith,250
1972,Tom Drougas,257
1972,Reggie McKenzie,255
1972,Gordon Gravelle,250
1972,John Vella,258
1972,Jean Barrett,253
1972,Bart Buetow,250
1972,Bob Kuziel,255
1972,Tom Luken,253
1972,Solomon Freelon,250
1972,Dave Dalby,247
1972,Tom DeLeone,248
1972,Bob Penchion,265
1972,Conrad Dobler,254
1972,Carl Johnson,248
1972,Dan Medlin,260
1972,John Hill,249
1972,Vernon Winfield,248
1972,Bill Adams,255
1972,Ed Hardy,242
1972,Stan Walters,275
1972,Kent Branstetter,260
1972,Charles Goodrum,256
1972,Keith Wortman,260
1972,Guy Murdock,245
1972,Ron Davis,235
1971,Marv Montgomery,255
1971,Vern Holland,268
1971,Dave Thompson,270
1971,Sam Holden,258
1971,John Mooring,255
1971,Ernie Janet,250
1971,Steve Lawson,265
1971,Dan Dierdorf,275
1971,Wayne Walton,255
1971,Henry Allison,255
1971,Bruce Jarvis,250
1971,Bob Newton,257
1971,Warren Koegel,253
1971,Willie Parker,245
1971,Larron Jackson,270
1971,Gerry Mullins,244
1971,Richard Winther,261
1971,Bubba Pena,250
1971,Don Morrison,255
1971,Larry Brown,246
1971,Donnie Green,272
1971,Mel Holmes,251
1971,Conway Hayman,264
1971,Doug Dieken,254
1971,John Watson,249
1971,Len Gotshalk,259
1971,Tom Beard,280
1971,Roy Kirksey,235
1971,Dennis Havig,253
1971,Kevin Hunt,260
1971,Chris Morris,250
1971,Rodney Wallace,255
1971,George Starke,260
1971,Mike Sikich,243
1971,Mark Ellison,250
1971,Dan Ryczek,249
1971,Tommy Lyons,230
1971,Craig Robinson,250
1971,Gordon Jolley,250
1970,Doug Wilkerson,253
1970,Bob McKay,260
1970,John Ward,258
1970,Sid Smith,260
1970,Bob Asher,250
1970,Chuck Hutchison,250
1970,Ray Parson,245
1970,Jim Reilly,260
1970,Andy Maurer,265
1970,Lynn Larson,254
1970,Ed George,270
1970,Jerry Gantt,266
1970,John Fitzgerald,255
1970,Paul Laaveg,245
1970,Ron Saul,255
1970,Ken Mendenhall,242
1970,Art Laster,280
1970,Mike Oriard,223
1970,Jeff Curchin,260
1970,Bob Hews,240
1970,Wayne Fowler,260
1970,Craig Wycinsky,243
1970,Richard Cheek,266
1970,Jack Porter,255
1970,Tom Banks,245
1970,Ira Gordon,275
1970,Rich Saul,241
1970,Glen Holloway,250
1970,Calvin Hunt,245
1970,Godfrey Zaunbrecher,240
1970,Rick Sharp,265
1970,Dick Stevens,240
1970,Tuufuli Uperesa,254
1969,George Kunz,257
1969,Rufus Mayes,260
1969,John Shinners,255
1969,Dave Foley,255
1969,Mike Montler,254
1969,Dave Bradley,245
1969,Ed White,269
1969,Jim Yarbrough,265
1969,George Buehler,260
1969,Mal Snider,251
1969,Al Jenkins,245
1969,Jon Kolb,262
1969,Elbert Drungo,265
1969,Gene Ferguson,300
1969,Halvor Hagen,245
1969,Dennis Nelson,260
1969,Mike Richey,263
1969,Bob Kuechenberg,253
1969,Mike Schnitker,245
1969,Jack Rudnay,240
1969,Ezell Jones,255
1969,Guy Dennis,255
1969,Bill Hayhoe,258
1969,Dick Enderle,250
1969,John Didion,245
1969,Wayne Mulligan,250
1969,Chuck Reynolds,240
1969,Steve Alexakos,250
1969,Rocky Rasley,250
1969,Frank Peters,250
1969,Jeff Van Note,247
1969,Gary Roberts,242
1969,Wade Key,245
1969,Carl Mauck,243
1969,Mike Wilson,245
1969,Roger Finnie,245
1969,Hank Autry,240
1968,Ron Yary,255
1968,Bob Johnson,262
1968,Russ Washington,289
1968,Mike Taylor,255
1968,Forrest Blue,261
1968,Mo Moorman,252
1968,George Daney,240
1968,John Williams,256
1968,Bill Lueck,250
1968,Doug Crusan,250
1968,Tom Funchess,265
1968,Rich Buzin,255
1968,Bill Lenkaitis,255
1968,Mike LaHood,250
1968,Lance Olssen,257
1968,Sam Walton,270
1968,Bob Vaughn,230
1968,Art Shell,265
1968,Dick Himes,244
1968,Wayne Mass,240
1968,Dave Middendorf,260
1968,Steve Duich,248
1968,Mark Nordquist,246
1968,Blaine Nye,251
1968,Howard Fest,262
1968,Willie Banks,250
1968,Jim Schmedding,250
1968,John Boynton,255
1968,Richard Swatland,245
1968,Bob Kalsu,235
1968,Bob Robertson,246
1968,Mike Evans,250
1968,Paul Feldhausen,260
1968,Rich Coady,245
1968,Vern Emerson,260
1968,Bob Wells,280
1968,John Frantz,230
1968,James Ferguson,240
1967,Bob Hyland,255
1967,Cas Banaszek,254
1967,Paul Seiler,258
1967,Gene Upshaw,255
1967,Tom Regner,235
1967,Norman Davis,245
1967,Mike Current,274
1967,George Goeddeke,253
1967,Harold Akin,260
1967,Rocky Freitas,270
1967,Del Williams,240
1967,Joe Taffoni,255
1967,Gary Bugenhagen,240
1967,Jay Bachman,250
1967,George Harvey,245
1967,Don Bandy,255
1967,Mike Haggerty,245
1967,Doug Kriewald,245
1967,Jeff Richardson,250
1967,John Demarie,246
1967,George Gaiser,255
1967,Rayfield Wright,255
1967,Mike Barnes,205
1967,Cornelius Johnson,245
1967,Ted Wheeler,245
1967,Jim Copeland,243
1967,Jack Pyburn,250
1967,Ed Marcontell,240
1967,Randy Rasmussen,255
1967,Bob Kruse,259
1967,Charlie Fowler,265
1967,Bill Stetz,250
1967,Bob Duncum,255
1967,Don Smith,240
1966,Tom Mack,250
1966,Randy Beisler,250
1966,John Niland,245
1966,Francis Peay,250
1966,Gale Gillingham,255
1966,Sam Ball,250
1966,Larry Gagner,240
1966,Tom Cichowski,250
1966,Jerry Jones,260
1966,Dick Tyson,245
1966,Pat Killorin,220
1966,Bob Pickens,258
1966,Randy Jackson,250
1966,Doug Van Horn,245
1966,Don Parker,258
1966,Steve Smith,250
1966,Doug Davis,255
1966,Wayne DeSutter,255
1966,Jim Battle,235
1966,Fred Hoaglin,250
1966,Charlie Harper,250
1966,Dick Cunningham,245
1966,Terry Owens,260
1966,Ralph Wenzel,250
1966,Bruce Van Dyke,255
1966,Randy Winkler,255
1966,Heath Wingate,240
1966,Jim Boudreaux,260
1966,Elmer Collett,244
1966,Dick Kasperek,225
1966,George Allen,270
1966,Karl Singer,250
1966,John Kelly,250
1965,Archie Sutton,262
1965,Joe Cerne,240
1965,Malcolm Walker,250
1965,Ray Rissmiller,250
1965,Bob Breitenstein,265
1965,Ralph Neely,265
1965,Glenn Ressler,250
1965,Bobby Maples,250
1965,Bob Svihus,245
1965,Dave McCormick,250
1965,Jim Harvey,255
1965,Frank Marchlewski,240
1965,Ed Flanagan,245
1965,Dick Koeper,260
1965,Glen Ray Hines,265
1965,Greg Kent,275
1965,Bob Kowalkowski,240
1965,Frank Roy,230
1965,Don Croftcheck,230
1965,Tom Neville,260
1965,Justin Canale,250
1965,Roy Schmidt,248
1965,Mike Alford,230
1965,Wallace Dickey,260
1965,Dave Hettema,250
1965,Robert Reed,250
1965,Mitch Johnson,251
1964,Bob Brown,280
1964,Herschel Turner,230
1964,Jon Morris,254
1964,Remi Prudhomme,250
1964,Roger Pillath,242
1964,Joe O'Donnell,262
1964,Jim Wilson,258
1964,Ray Kubala,265
1964,George Seals,260
1964,Don Shackelford,255
1964,Jim Snowden,255
1964,Ken Henson,260
1964,Tony DiMidio,250
1964,Steve Wright,250
1964,Ken Bowman,230
1964,Howard Mudd,254
1964,Len Hauss,235
1964,Jake Kupp,248
1964,Bob Nichols,250
1964,John McDowell,260
1964,John Farris,245
1964,Dick Leeuwenburg,242
1964,Rick Sortun,235
1964,Ed Mitchell,285
1964,Charlie Parker,245
1964,Chuck Hinton,235
1964,George Burman,255
1964,Len St. Jean,250
1964,Bob Young,270
1964,Jim Higgins,250
1964,Milt Sunde,250
1964,Bill Curry,235
1963,Ed Budde,265
1963,Bob Vogel,250
1963,Dave Behrman,260
1963,Daryl Sanders,250
1963,Bob Reynolds,265
1963,Ray Mansfield,250
1963,Steve Barnett,255
1963,Walt Rock,255
1963,Frank Lasky,265
1963,Dave Crossan,245
1963,Tony Liscio,264
1963,Don Estes,250
1963,Chuck Walton,253
1963,Dave Hill,260
1963,Don Chuy,260
1963,Dan Grimm,245
1963,Walt Sweeney,256
1963,Dave Herman,255
1963,Dave Watson,245
1963,Winston Hill,270
1963,Ray Schoenke,250
1963,Ed Adamchik,235
1963,Dave O'Brien,247
1963,Staley Faulkner,245
1963,Jim Simon,240
1963,Lane Howell,257
1963,Bill Frank,255
1963,Lucien Reeberg,285
1962,Fate Echols,258
1962,Irv Goode,255
1962,Joe Carollo,265
1962,Clyde Brock,268
1962,Pete Case,245
1962,Ed Blaine,240
1962,Dan Sullivan,250
1962,Billy Neighbors,250
1962,John Lomakoski,250
1962,Jim Cadile,240
1962,Bill Byrne,240
1962,Bookie Bolin,240
1962,Larry Bowie,245
1962,Bill Winter,220
1962,John Sutro,245
1962,Jim Perkins,250
1962,Bill Kirchiro,235
1962,Ken Byers,240
1962,Bob Butler,230
1962,Reed Bohovich,260
1962,Jim Skaggs,250
1962,Marv Marinovich,250
1962,Bill Diamond,240
1962,Tom Goosby,235
1962,Bucky Wegener,245
1962,Dennis Biodrowski,250
1962,Sonny Bishop,245
1962,Fred Gillett,225
1961,Ken Rice,240
1961,Tom Gilburg,245
1961,Dan LaRose,250
1961,Bruce Tarbox,230
1961,Ed Nutting,246
1961,Stew Barber,250
1961,Dick Mills,240
1961,Don Oakes,255
1961,Charlie Cowan,264
1961,Dan Ficca,245
1961,John Brown,248
1961,Willie Hector,220
1961,Bob McCreary,256
1961,Greg Larson,250
1961,Mike Pyle,250
1961,Al Bemiller,243
1961,Don Talbert,255
1961,John Frongillo,255
1961,Leon Donohue,245
1961,Pete Nicklas,240
1961,Moses Gray,260
1961,Wayne Wolff,243
1961,Joe Scibelli,256
1961,Errol Linden,258
1961,Riley Mattson,252
1961,Frank Jackunas,225
1961,John Denvir,245
1961,Ernie McMillan,275
1961,Ken Petersen,235
1961,Billy Shaw,258
1961,Jim Tyrer,280
1961,Ernie Wright,270
1961,Wayne Frazier,245
1961,Roger Shoals,260
1961,Tom Goode,245
1961,Jim Brewington,280
1961,Lynn Hoyem,244
1961,Leo Reed,240
1960,Roger Davis,240
1960,Ron Mix,250
1960,Harold Olson,255
1960,Mike McGee,230
1960,Mike Magac,240
1960,Marvin Terrell,235
1960,Bob Scholtz,250
1960,Charley Ellzey,240
1960,Curt Merz,267
1960,Vince Promuto,245
1960,Len Rohde,247
1960,Bob Khayat,230
1960,Bob Yates,240
1960,Fred Hageman,242
1960,Grady Alderman,247
1960,Ernie Barnes,247
1960,Paul Oglesby,235
1960,Stan Fanning,270
1960,Tom Budrewicz,245
1960,Dave Graham,250
1960,Bob DeMarco,248
1960,Jon Gilliam,240
1960,Bernie Darre,230
1960,Jim Boeke,255
1959,Dan James,262
1959,J.D. Smith,250
1959,Mike Rabold,239
1959,Dick Schafrath,253
1959,Fran O'Brien,253
1959,Monte Clark,265
1959,Bob Grottkau,228
1959,Bob Wetoska,240
1959,John Wooten,235
1959,Andy Cvercko,243
1959,Ellison Kelly,235
1959,Mac Lewis,290
1959,Fred Cole,226
1959,Palmer Pyle,247
1959,Don Rogers,240
1959,Willie Smith,255
1959,Howard Keys,239
1959,Ron Stehouwer,230
1959,Mike Connelly,247
1959,Bill Lopasky,235
1959,George McGee,255
1959,Dan McGrew,250
1959,Dale Memmelaar,247
1959,Alex Kroll,230
1959,Larry Baker,240
1958,Jim McCusker,246
1958,Proverb Jacobs,258
1958,Frank Youso,257
1958,Billy Krisher,233
1958,Buzz Guy,248
1958,Jerry Kramer,245
1958,Ken Gray,245
1958,Bill Striegel,235
1958,Karl Koepfer,230
1958,Phil Blazer,235
1958,Gene Selawski,252
1958,Darrell Dess,243
1958,Hogan Wharton,250
1958,Bob Schmidt,248
1958,Bill Lapham,238
1958,Jack Davis,225
1958,Jerry Cornelison,250
1958,John Wittenborn,238
1958,Ron Sabal,245
1957,Jim Parker,273
1957,Bill Michael,240
1957,Sam DeLuca,250
1957,John Gordy,248
1957,Dalton Truax,236
1957,Carl Vereen,247
1957,Mike Sandusky,231
1957,Joe Amstutz,264
1957,John Nisby,235
1957,Ken Russell,252
1957,Gene Hickerson,248
1957,Jerry Leahy,220
1957,Jerry DeLucca,247
1957,George Belotti,250
1957,Roy Hord,244
1957,Don Gillis,245
1957,Charlie Bradshaw,255
1957,Galen Laack,230
1957,Byron Beams,248
1957,John Simerson,257
1957,Ed Voytek,235
1957,John Thomas,246
1957,Chuck Muelhaupt,230
1957,Gene Cockrell,247
1956,Bruce Bosley,241
1956,Frank D'Agostino,245
1956,Norm Masters,249
1956,Forrest Gregg,249
1956,Jim Taylor,232
1956,Dick Murley,247
1956,John Mellekas,255
1956,Fuzzy Thurston,247
1956,Bob Skoronski,249
1956,Bob Lusk,222
1956,Tony Sardisco,226
1956,John Dittrich,236
1956,Sherman Plunkett,290
1956,Bob Konovsky,246
1956,Dave Lunceford,240
1956,Dick Klawitter,270
1956,Tom Dimmick,253
1956,Mike Hudock,245
1956,R.B. Nunnery,275
1956,Steve Myhra,237
1956,John McMullan,245
1956,Milt Graham,235
1956,Jack Klotz,260
1956,Ray Lemek,238
1956,Mike Falls,240
1956,Jerry Huth,226
1956,John Morrow,244
1955,Frank Varrichione,234
1955,Dick Szymanski,233
1955,Sid Fournet,235
1955,Frank Morze,270
1955,Buck Lansford,232
1955,Jim Salsbury,233
1955,Tom Feamster,260
1955,Fred Broussard,235
1955,George Preas,244
1955,Hank Bullough,230
1955,Eldred Kraemer,225
1955,Bud Brooks,210
1955,Norm Amundsen,245
1955,Ron Marciniak,218
1955,Johnny Allen,224
1955,Johnny Miller,253
1955,Lou Palatella,230
1955,John Damore,228
1955,Ed Nickla,240
1955,Fred Robinson,242
1955,George Atkins,210
1955,Walt Houston,217
1955,Abe Cohen,230
1955,Dick Klein,254
1954,Art Hunter,245
1954,Ed Beatty,229
1954,John Bauer,235
1954,Jim Schrader,244
1954,Menil Mavraides,235
1954,Earl Putman,308
1954,Bob Hantla,230
1954,Jim Ray Smith,241
1954,Ken Panfil,262
1954,Ted Connolly,240
1954,Donald Goss,260
1954,Donald Chelf,235
1954,Alex Sandusky,235
1954,Walt Cudzik,231
1954,Ledio Fanucchi,225
1954,Herman Lee,244
1954,Bob Mischak,237
1954,Glenn Holtzman,250
1954,Ron Hansen,220
1953,Harley Sewell,230
1953,George Morris,220
1953,Bob St. Clair,263
1953,Bob Fry,235
1953,Gene Donaldson,215
1953,Don Boll,270
1953,Everett Douglas,240
1953,George Mrkonic,225
1953,Charlie Ane,260
1953,Jack Little,235
1953,Bob Gaona,243
1953,Stan Jones,252
1953,Hal Miller,230
1953,Kline Gilbert,233
1953,Tom Higgins,230
1953,Don Steinbrunner,220
1953,Ollie Spencer,245
1953,Jim Ringo,232
1953,Jerry Watford,205
1953,Doug Hogland,245
1953,Pete Brown,210
1953,Buzz Nutter,230
1953,Joe Matesic,250
1953,Larry Strickland,248
1953,Dave Suminski,230
1953,Bob O'Neil,229
1953,Ralph Jecha,235
1953,Johnny Hatley,249
1953,Jack Ellena,225
1953,John Michels,200
1953,Rosey Brown,255
1953,Joe Ramona,210
1953,Lou Tepe,208
1953,Al Barry,238
1952,Ray Beck,224
1952,Lum Snyder,228
1952,Herman Clark,256
1952,Dick Fugler,238
1952,Jim Clark,230
1952,Robert Patton,226
1952,Duane Putnam,228
1952,Burt Delavan,236
1952,Jerry Smith,230
1952,Billy Shipp,275
1952,Herschel Forester,230
1952,Jim Lansford,235
1952,Maury Nipp,219
1952,Bobby Cross,240
1952,Steve Dowden,235
1952,Jack Spinks,236
1952,Keith Flowers,211
1952,Dick Logan,228
1952,Marv McFadden,223
1952,Hal Mitchell,225
1952,Steve Ruzich,228
1952,Joe Moss,221
1952,Mike Mergen,245
1952,Pete Ladygo,218
1952,Marv Berschet,220
1952,Stan Campbell,226
1952,Ed Listopad,230
1952,Red Stephens,230
1952,Ken Barfield,238
1952,Joe Tyrrell,215
1952,Bob Kelley,232
1952,Gerry Perry,237
1951,Dick Stanfel,236
1951,Ken Jackson,236
1951,Mike McCormack,246
1951,Bob Moser,240
1951,Lynn Lynch,225
1951,Dick Steere,240
1951,Tony Momsen,215
1951,Jack Stroud,235
1951,Ken Farragut,240
1951,Herb Hannah,220
1951,Dan Rogas,230
1951,Larry Lauer,232
1951,Nick Feher,224
1951,Wayne Siegert,225
1951,Dave Sparks,229
1951,Joe Skibinski,245
1951,Dick Afflis,251
1951,Dick Daugherty,219
1951,Buddy Brown,220
1951,Bill Albright,233
1951,Dick Yelvington,232
1951,Chet Lagod,220
1951,Quincy Armstrong,230
1951,Ken Huxhold,226
1951,Bruce Womack,210
1951,Roscoe Hansen,215
1950,Joe Watson,235
1950,John Sandusky,251
1950,Jack Jennings,245
1950,Don Campora,268
1950,Jim Martin,227
1950,George Hughes,225
1950,Bill Murray,240
1950,Harry Ulinski,229
1950,Jack Halliday,238
1950,Lou Allen,215
1950,Floyd Jaszewski,230
1950,Gene Pepper,239
1950,Willie Manley,218
1950,Jerry Houghton,226
1950,Ed Bagdon,204
1950,John Hock,230
1950,Harley Dow,220
1950,Ray Wietecha,225
1950,Art Spinney,230
1950,Dave Stephenson,232
1950,Charlie Shaw,220
1950,Ed Bradley,212
1950,Jim Cullom,235
1950,Bobby Collier,230
1950,Gus Cifelli,244
1950,Cas Witucki,245
1950,Dick Tomlinson,205
1950,Jim Lipinski,238
1950,Charlie Toogood,232
1950,Hamp Tanner,280
1950,Bill Lange,239
1949,Bill Fischer,248
1949,Laurie Niemi,251
1949,Bill Walsh,230
1949,Len Szafaryn,226
1949,Abe Gibron,243
1949,George Brown,222
1949,Bill Wightkin,235
1949,Joe Soboleski,213
1949,Jon Jenkins,225
1949,Homer Hobbs,210
1949,Al Russas,210
1949,Bill Austin,223
1949,Bob Pifferini,210
1949,Ken Cooper,205
1949,Joe Morgan,245
1949,Warren Beson,205
1949,Herb Siegert,216
1949,Frank Gaul,200
1949,Oliver Fletcher,210
1949,John Schweder,224
1948,Vaughn Mancha,230
1948,John Nolan,232
1948,Dub Garrett,235
1948,Bill Smith,250
1948,Knox Ramsey,216
1948,John Wozniak,218
1948,Bill Erickson,210
1948,Larry Olsonoski,214
1948,Howard Duncan,225
1948,Jay Rhodemyre,210
1948,Buddy Tinsley,245
1948,Ralph Hutchinson,220
1948,Martin Wendell,215
1948,Jim Cooper,205
1948,Ed Royston,220
1948,Mike Katrishen,214
1948,Glenn Johnson,263
1948,Ray Richeson,235
1948,Fred Land,220
1948,George Roman,242
1948,Clayton Lane,215
1948,George Petrovich,225
1948,Jim Spruill,225
1948,Pete Barbolak,235
1948,Herb St. John,215
1948,Joel Williams,220
1948,Ray Yagiello,220
1948,Walter McCormick,215
1948,Dick Wedel,205
1948,Lou Creekmur,246
1948,Don Corbitt,224
1948,Ed Kelley,230
1948,Art Statuto,221
1947,Fritz Barzilauskas,230
1947,Tex Coulter,250
1947,Jim Kekeris,257
1947,John Rapacz,252
1947,John Mastrangelo,228
1947,Carroll Vogelaar,253
1947,Frank Wydo,225
1947,George Savitsky,244
1947,Buddy Burris,215
1947,Nelson Greene,235
1947,Bernie Gallagher,234
1947,Mike Garzoni,218
1947,Bob Davis,235
1947,Harlan Wetz,265
1947,Ed Grain,230
1947,Bill Gray,210
1947,Bryant Meeks,193
1947,Hank Harris,265
1947,Al Satterfield,225
1947,Bob Leonetti,230
1947,Ernie Williamson,245
1947,Alex Sidorik,248
1947,Walt Vezmar,235
1947,Bill Hachten,210
1947,Red Moore,248
1947,Weldon Edwards,225
1947,Denny Crawford,190
1947,Reed Nilsen,230
1947,Marion Shirley,260
1947,Hubert Shurtz,235
1947,Bill Cregar,195
1947,Ed Champagne,236
1947,T.J. Campion,235
1947,Brad Ecklund,215
1947,Leon McLaughlin,228
1947,Charlie Elliott,240
1947,Joe Haynes,225
1947,Lou Levanti,215
1947,Ralph Stewart,205
1947,Odell Stautzenberger,218
1947,Bob David,219
1947,Ralph Sazio,250
1947,Jim Hunnicutt,175
1947,Tom Rodgers,248
1947,Bernie Winkler,232
1947,Hal Dean,205
1947,Bob Callahan,205
1947,Bill Schuler,215
1946,George Connor,240
1946,Elmer Jones,224
1946,Bob McClure,224
1946,Russ Thomas,237
1946,Hamilton Nichols,209
1946,Paul Duke,210
1946,Felto Prewitt,207
1946,Ed Mieszkowski,220
1946,Pete Berezney,240
1946,Bob Hendren,244
1946,Jim Lecture,220
1946,Jake Colhouer,225
1946,Joe Signaigo,220
1946,Dick Loepfe,230
1946,George Strohmeyer,205
1946,Homer Paine,235
1946,John Kerns,245
1946,Ray Evans,225
1946,Ted Hazelwood,235
1946,Gasper Urban,215
1946,Howie Brown,215
1946,Jack Simmons,236
1946,Mike Karmazin,210
1946,Visco Grgich,217
1946,Ed Stacco,261
1946,Al Sparlis,185
1945,Frank Szymanski,225
1945,Jack Dugger,230
1945,Tom Dean,247
1945,Mike Lazetich,211
1945,Damon Tassos,225
1945,John Adams,242
1945,Bob Dobelstein,214
1945,Steve Enich,210
1945,Don Deeks,238
1945,Roger Harding,217
1945,Forrest Masterson,246
1945,Dick Barwegen,227
1945,Ziggy Czarobski,230
1945,Fred Negus,208
1945,Glen Burgeis,218
1945,John Steber,225
1945,Ellis Jones,190
1945,Dick Huffman,255
1945,Art Brandau,210
1945,Herb Coleman,200
1945,Joe Winkler,200
1945,Mike Kasap,255
1945,Bill Chambers,230
1945,Solon Barnett,235
1945,Frank Mattioli,210
1945,Jim Little,200
1945,Quentin Klenk,225
1945,Jim Landrigan,235
1945,Bruno Niedziela,225
1945,Joe Spencer,239
1945,Ed Jeffers,215
1945,Jack Kramer,220
1945,Walt Stickel,247
1945,John Magee,220
1945,Luke Higgins,210
1945,Russ Morrow,210
1945,Lloyd Baxter,210
1945,Bob Ivory,212
1945,Don Talcott,235
1945,Glen Stough,240
1945,Garland Williams,220
1945,John Morelli,191
1945,John Kondrla,195
1945,Don Nolander,210
1945,George Groves,195
1944,Merv Pregulman,215
1944,Earl Audet,252
1944,Gil Bouley,235
1944,John Tavener,225
1944,Rudy Sikich,220
1944,Art McCaffray,190
1944,Herb Kane,220
1944,Bill Blackburn,228
1944,C.B. Stanley,225
1944,Paul Briggs,248
1944,Jack Sachse,210
1944,George Titus,185
1944,Mitch Olenski,222
1944,John Sanchez,239
1944,Fred Boensch,228
1944,Tex Warrington,210
1944,Lou Saban,202
1944,John Perko,225
1944,Carl Grate,215
1944,Lin Houston,213
1944,Carl Buda,220
1944,Jim Wright,222
1944,Bert Corley,210
1944,Mel Maceau,203
1944,John Maskas,212
1944,Jack Carpenter,240
1944,Ted Ossowski,218
1944,Clyde Ehrhardt,232
1944,Barry French,225
1944,George Doherty,218
1944,Joe Yackanich,205
1944,Alex Kapter,205
1944,Jim Cox,208
1944,Jack Baldwin,223
1944,Earl Klapstein,220
1944,Ed Eiden,205
1944,Jim Smith,270
1944,Bob Zimny,233
1944,Nick Daukas,225
1944,Robert Derleth,230
1944,Ralph Calcagni,230
1943,Dick Wildung,221
1943,Fred Naumetz,222
1943,Joe Domnanovich,213
1943,Chuck Taylor,205
1943,Lloyd Wickett,208
1943,Al Wistert,214
1943,George Hecht,235
1943,Clyde Johnson,269
1943,Jim Jones,175
1943,Bruno Banducci,216
1943,Harvey Johnson,212
1943,Al Klug,215
1943,Lou Sossamon,207
1943,Stan Mauldin,225
1943,John Matisi,221
1943,Lou Palazzi,198
1943,Milt Vucinich,215
1943,Lou Rymkus,231
1943,Bill Godwin,241
1943,Larry Visnic,190
1943,Les Gatewood,198
1943,Tony Leon,203
1943,Rocco Canale,240
1943,Norm Verry,240
1943,Zuehl Conoly,227
1943,Vic Schleich,240
1943,Bill Piccolo,185
1943,John Billman,202
1943,Joe Sabasteanski,207
1943,Al Wukits,218
1943,George Perpich,223
1943,Bob Kolesar,200
1943,Joe Repko,236
1943,Tom Alberghini,200
1943,Buster Ramsey,219
1943,Loyd Arms,215
1943,Oscar Britt,193
1943,Floyd Rhea,218
1943,Bill Campbell,195
1943,Nick Skorich,197
1943,Pat Preston,216
1943,Bob Friedman,215
1943,Clarence Booth,223
1943,Ray Bucek,186
1943,Eddie Forrest,210
1943,Bap Manzini,195
1943,Lloyd Wasserbach,205
1943,Bill Johnson,210
1943,Jug Bennett,188
1943,Bill Remington,185
1943,Weldon Humble,221
1943,Gene Lee,226
1943,Joe Cibulas,220
1943,Roman Bentz,230
1943,Ed McNamara,225
1943,Jack Freeman,198
1943,Jack Durishan,230
1943,Johnny Jaffurs,200
1942,Bobby Robertson,185
1942,Urban Odson,251
1942,Vic Lindskog,203
1942,Roger Eason,227
1942,Ray Frankowski,223
1942,Len Levy,256
1942,Vince Banonis,230
1942,Ernie Blandin,248
1942,Bob Reinhard,234
1942,Joe Zeno,234
1942,Al Blozis,250
1942,Martin Ruby,249
1942,Harley McCollum,245
1942,Joe Krivonak,230
1942,Rupe Thornton,205
1942,Bob Jeffries,206
1942,Bill Halverson,242
1942,Tom Kearns,247
1942,Ray Graves,205
1942,Bob deLauer,218
1942,Al DeMao,214
1942,Jim Daniell,230
1942,Tony Arena,200
1942,Art Deremer,208
1942,Clure Mosher,215
1942,John Wyhonic,213
1942,Henry Gude,225
1942,Hubbard Law,210
1942,Marv Whited,208
1942,Buddy Jungmichel,200
1942,Garth Chamberlain,215
1942,George Watts,225
1942,George Speth,220
1942,Bob Ingalls,200
1942,Tiny Croft,287
1942,Al Couppee,225
1941,Rudy Mucha,236
1941,Chet Gladchuk,248
1941,Abe Shires,220
1941,Jay MacDowell,217
1941,Fred Davis,244
1941,Augie Lio,234
1941,Royal Kahler,226
1941,Ray Apolskis,206
1941,Vic Sears,223
1941,Robert Nelson,214
1941,Ray Frick,205
1941,Jim Stuart,212
1941,Bob Suffridge,205
1941,Marshall Robnett,205
1941,John Tripson,220
1941,Lou DeFilippo,230
1941,John Kuzman,232
1941,John Federovitch,263
1941,Fred Hartman,229
1941,Joseph Manzo,220
1941,Bill Kuusisto,228
1941,Len Younce,208
1941,Al Matuza,200
1941,Milt Simington,217
1941,Ben Sohn,230
1941,Hal Lahar,225
1941,Don Williams,210
1941,Ralph Fritz,202
1941,Ted Pavelec,218
1941,Jack Sommers,222
1941,Emil Uremovich,233
1941,Bernie Weiner,222
1941,George Kinard,202
1941,Joe Lokanc,205
1941,Alex Schibanoff,218
1941,Del Lyman,223
1941,John Eibner,228
1941,Mike Jurich,234
1941,Gordon Wilson,228
1941,Ernie Pannell,220
1941,Warren Alfson,198
1941,Bob Bjorklund,225
1941,Joe Ungerer,243
1941,Ken Whitlow,190
1940,Bulldog Turner,237
1940,John Schiechl,244
1940,Jack Haman,215
1940,Elbie Schultz,252
1940,Bobby Wood,230
1940,Clark Goff,225
1940,Walt Merrill,217
1940,Harry Smith,215
1940,Ed Kolman,232
1940,Frank Bykowski,205
1940,John Woudenberg,226
1940,Andy Chisick,207
1940,Ty Coon,215
1940,Len Akin,207
1940,Rex Williams,203
1940,Carl Nery,214
1940,Win Pedersen,223
1940,Art Jocher,207
1940,Wilfred Thorpe,205
1940,Bill Davis,234
1940,Boyd Clay,220
1940,Lee Artoe,234
1940,Stan Andersen,218
1940,Rocco Pirro,226
1940,Shag Goolsby,198
1940,Ed McGee,224
1940,Mike Gussie,204
1940,Jack Gregory,215
1940,Ralph Foster,230
1940,Johnny Hackenbruck,215
1940,Steve Andrako,210
1940,Ralph Stevenson,196
1940,Frank Ribar,190
1940,Monk Edwards,213
1940,Rupert Pate,205
1940,Luke Lindon,243
1939,Ki Aldrich,207
1939,Bob Haak,245
1939,Joe Mihal,234
1939,Charley Brock,207
1939,Zed Coston,222
1939,Steve Maronic,225
1939,Barney McGarry,203
1939,Ed Beinor,222
1939,Jerry Ginney,217
1939,Jerry Dowd,210
1939,Tony Ippolito,220
1939,Frank Twedell,220
1939,George Somers,253
1939,Bo Russell,223
1939,Paul Kell,217
1939,Steve Petro,195
1939,Lew Bostick,197
1939,Ray Bray,237
1939,Ray George,229
1939,Tom Roberts,215
1939,Paul Humphrey,210
1939,Tony Calvelli,189
1939,Jim Thomas,200
1939,Chet Adams,233
1939,Ralph Heikkinen,180
1939,Carl Kaplanoff,235
1939,Andy Sabados,209
1939,Allie White,212
1939,Steve Slivinski,214
1939,John Tosi,225
1939,Ben Friend,248
1939,Tom Greenfield,213
1939,Gil Duggan,229
1939,Dick Farman,219
1939,Ralph Niehaus,220
1939,Clyde Shugart,221
1939,Jack Sanders,219
1939,Frank Huffman,207
1939,Alex Atty,216
1939,Mike Kochel,195
1939,Tony Tonelli,210
1939,John Brennan,204
1939,Charlie Schultz,230
1939,Aldo Forte,213
1938,Alex Wojciechowicz,217
1938,Bruiser Kinard,216
1938,Vic Markov,215
1938,Gene Moore,205
1938,Tony Matisi,230
1938,Ed Franco,205
1938,Fred Shirey,223
1938,Ed Merlin,210
1938,Lou Midler,223
1938,Al Babartsky,225
1938,Gust Zarnas,220
1938,Red Chesbro,190
1938,Roy Young,215
1938,Frank Ramsey,240
1938,Clem Woltman,214
1938,Len Noyes,214
1938,Phil Ragazzo,216
1938,Ted Doyle,224
1938,Charles Ream,225
1938,Phil Dougherty,185
1938,John Mellus,214
1938,Mickey Parks,225
1938,Joe Maras,203
1938,Emmett Kriel,199
1938,Jim Sivell,205
1938,Al Hoptowit,217
1938,Bill Krause,210
1938,Pete Tinsley,205
1938,Doug Oldershaw,195
1938,Lou Mark,210
1938,Joe Kuharich,195
1938,Hank Bartos,220
1937,Ed Widseth,223
1937,Mike Basrak,220
1937,Tarzan White,217
1937,Averell Daniell,215
1937,Drew Ellis,215
1937,Jerry Dennerlein,235
1937,Dick Bassi,214
1937,Bud Svendsen,190
1937,John Wiatrak,220
1937,Ham Harmon,220
1937,Chuck Bond,236
1937,Bill Conkright,203
1937,John Golemgeske,225
1937,Del Bjork,218
1937,John Reynolds,185
1937,Kay Bell,220
1936,Joe Stydahar,233
1936,Russ Letlow,214
1936,Sid Wagner,192
1936,Art Lewis,226
1936,Eddie Michaels,205
1936,Wagner Jorgensen,215
1936,Verne Oech,207
1936,Darrell Lester,220
1936,Bob Reynolds,221
1936,Ed Karpowich,220
1936,Ross Carter,200
1936,Danny Fortmann,210
